Datum,Obsah,Název videa,Čas zveřejnění videa,Délka,Zhlédnutí
2025-06, -IwTZm_R5S4,Mariánská listování s manželi Tichotovými,"Dec 8, 2025",3566,0
2025-07, -IwTZm_R5S4,Mariánská listování s manželi Tichotovými,"Dec 8, 2025",3566,0
2025-08, -IwTZm_R5S4,Mariánská listování s manželi Tichotovými,"Dec 8, 2025",3566,0
2025-09, -IwTZm_R5S4,Mariánská listování s manželi Tichotovými,"Dec 8, 2025",3566,0
2025-10, -IwTZm_R5S4,Mariánská listování s manželi Tichotovými,"Dec 8, 2025",3566,0
2025-11, -IwTZm_R5S4,Mariánská listování s manželi Tichotovými,"Dec 8, 2025",3566,0
2025-12, -IwTZm_R5S4,Mariánská listování s manželi Tichotovými,"Dec 8, 2025",3566,377
2025-06,DQt62kFZ11I,Karel Poláček – Čtrnáct dní na vojně | Část 2.,"Sep 6, 2025",1330,0
2025-07,DQt62kFZ11I,Karel Poláček – Čtrnáct dní na vojně | Část 2.,"Sep 6, 2025",1330,0
2025-08,DQt62kFZ11I,Karel Poláček – Čtrnáct dní na vojně | Část 2.,"Sep 6, 2025",1330,0
2025-09,DQt62kFZ11I,Karel Poláček – Čtrnáct dní na vojně | Část 2.,"Sep 6, 2025",1330,320
2025-10,DQt62kFZ11I,Karel Poláček – Čtrnáct dní na vojně | Část 2.,"Sep 6, 2025",1330,15
2025-11,DQt62kFZ11I,Karel Poláček – Čtrnáct dní na vojně | Část 2.,"Sep 6, 2025",1330,10
2025-12,DQt62kFZ11I,Karel Poláček – Čtrnáct dní na vojně | Část 2.,"Sep 6, 2025",1330,19
2025-06,Nuj2OJc-uv4,Karel Hádek – Čtení o staré Praze | Kapitola 16: Panna Maria kontra Jiří z Poděbrad,"Nov 30, 2025",439,0
2025-07,Nuj2OJc-uv4,Karel Hádek – Čtení o staré Praze | Kapitola 16: Panna Maria kontra Jiří z Poděbrad,"Nov 30, 2025",439,0
2025-08,Nuj2OJc-uv4,Karel Hádek – Čtení o staré Praze | Kapitola 16: Panna Maria kontra Jiří z Poděbrad,"Nov 30, 2025",439,0
2025-09,Nuj2OJc-uv4,Karel Hádek – Čtení o staré Praze | Kapitola 16: Panna Maria kontra Jiří z Poděbrad,"Nov 30, 2025",439,0
2025-10,Nuj2OJc-uv4,Karel Hádek – Čtení o staré Praze | Kapitola 16: Panna Maria kontra Jiří z Poděbrad,"Nov 30, 2025",439,0
2025-11,Nuj2OJc-uv4,Karel Hádek – Čtení o staré Praze | Kapitola 16: Panna Maria kontra Jiří z Poděbrad,"Nov 30, 2025",439,17
2025-12,Nuj2OJc-uv4,Karel Hádek – Čtení o staré Praze | Kapitola 16: Panna Maria kontra Jiří z Poděbrad,"Nov 30, 2025",439,370
2025-06,VVUPQPEsE2g,Karel Poláček – Čtrnáct dní na vojně | Část 1.,"Aug 30, 2025",1433,0
2025-07,VVUPQPEsE2g,Karel Poláček – Čtrnáct dní na vojně | Část 1.,"Aug 30, 2025",1433,0
2025-08,VVUPQPEsE2g,Karel Poláček – Čtrnáct dní na vojně | Část 1.,"Aug 30, 2025",1433,108
2025-09,VVUPQPEsE2g,Karel Poláček – Čtrnáct dní na vojně | Část 1.,"Aug 30, 2025",1433,255
2025-10,VVUPQPEsE2g,Karel Poláček – Čtrnáct dní na vojně | Část 1.,"Aug 30, 2025",1433,31
2025-11,VVUPQPEsE2g,Karel Poláček – Čtrnáct dní na vojně | Část 1.,"Aug 30, 2025",1433,29
2025-12,VVUPQPEsE2g,Karel Poláček – Čtrnáct dní na vojně | Část 1.,"Aug 30, 2025",1433,28
2025-06,qUNq-foQEHQ,Josef Mach – Tři mrtvoly ve sklepě a jiné | Povídka 7: Podivuhodný příběh Karla Straširybky,"Aug 15, 2025",1487,0
2025-07,qUNq-foQEHQ,Josef Mach – Tři mrtvoly ve sklepě a jiné | Povídka 7: Podivuhodný příběh Karla Straširybky,"Aug 15, 2025",1487,0
2025-08,qUNq-foQEHQ,Josef Mach – Tři mrtvoly ve sklepě a jiné | Povídka 7: Podivuhodný příběh Karla Straširybky,"Aug 15, 2025",1487,526
2025-09,qUNq-foQEHQ,Josef Mach – Tři mrtvoly ve sklepě a jiné | Povídka 7: Podivuhodný příběh Karla Straširybky,"Aug 15, 2025",1487,75
2025-10,qUNq-foQEHQ,Josef Mach – Tři mrtvoly ve sklepě a jiné | Povídka 7: Podivuhodný příběh Karla Straširybky,"Aug 15, 2025",1487,9
2025-11,qUNq-foQEHQ,Josef Mach – Tři mrtvoly ve sklepě a jiné | Povídka 7: Podivuhodný příběh Karla Straširybky,"Aug 15, 2025",1487,8
2025-12,qUNq-foQEHQ,Josef Mach – Tři mrtvoly ve sklepě a jiné | Povídka 7: Podivuhodný příběh Karla Straširybky,"Aug 15, 2025",1487,1
